id,name,host_id,host_name,neighbourhood_group,neighbourhood,latitude,longitude,room_type,price,minimum_nights,number_of_reviews,last_review,reviews_per_month,calculated_host_listings_count,availability_365,number_of_reviews_ltm,license
1125097,Strathlyn Coach House Barossa,6172214,Heather,,Angaston,-34.49389,139.02942,Entire home/apt,254,2,166,2022-09-19,1.51,3,302,24,
1133195,Strathlyn Lemon Tree Spa  Barossa,6172214,Heather,,Penrice,-34.49403,139.03202,Entire home/apt,236,2,59,2022-09-04,0.61,3,323,14,
1133236,Strathlyn Spa Garden Suites Barossa,6172214,Heather,,Penrice,-34.49356,139.03221,Private room,260,1,49,2022-09-18,0.47,3,318,15,
1178384,Country cottage getaway,2122575,Tanya,,Nuriootpa,-34.46694,138.9936,Private room,104,1,0,,,1,335,0,
1710462,Shea-Oak Log Studio Shed,6645956,Kylie And Tom,,Shea-Oak Log,-34.51049,138.81731,Entire home/apt,102,2,497,2022-09-06,4.59,1,330,30,
1787389,Barossa Valley Apt 1 offers 2 bedrooms 2 bathroom,9380091,Kym,,Tanunda,-34.52835,138.95364,Entire home/apt,400,2,17,2020-12-04,0.21,17,50,0,
2028951,"2 bedrooms with Woodfire, Barossa Country Cottages",10421165,Mark And Fiona,,Lyndoch,-34.60374,138.88348,Entire home/apt,209,2,8,2022-09-05,1.45,2,309,8,
2327616,Gawler River Farm B and B.,6713275,Bill,,Gawler River,-34.60563,138.64823,Entire home/apt,90,1,125,2022-09-21,1.35,1,343,29,
2567051,The Miners Cottage Barossa Valley,10726293,Rebecca,,Cockatoo Valley,-34.63884,138.84564,Private room,210,2,31,2022-08-22,0.32,1,267,5,
3506622,A nice room in a big 4 b/room house,17656515,Andrew,,Buchfelde,-34.61874,138.73199,Private room,85,1,0,,,1,365,0,
5289072,Mt McKenzie Raspberry Farm,27321203,Phillip,,Flaxman Valley,-34.56405,139.07988,Entire home/apt,200,3,119,2022-08-24,1.41,1,134,20,
5426792,"""The Shed""",28149709,Andrew & Belinda,,Nuriootpa,-34.46397,139.00191,Entire home/apt,63,1,138,2022-09-11,1.66,1,219,15,
5537173,1837 Barossa Luxury  Vineyard Cottage S Australia,28712482,Nelly,,Lyndoch,-34.58347,138.86353,Entire home/apt,425,2,34,2022-09-17,0.70,3,303,11,
6157653,Barossa Barn Bed & Breakfast,31945359,Julie,,Penrice,-34.4877,139.04407,Entire home/apt,277,2,28,2022-04-19,0.32,1,80,3,
6170279,Little Para Cottage,32013001,Wendy,,Tanunda,-34.51062,138.97196,Entire home/apt,206,2,160,2022-09-11,1.77,1,6,16,
6170887,Elderton Wines Guest House,32017867,Elderton,,Nuriootpa,-34.47628,138.99761,Entire home/apt,350,1,30,2022-08-08,0.34,1,214,4,
6296823,Cosy 2-bedroom Cottage in the heart of the Barossa,32743215,Veritas Retreat Barossa,,Tanunda,-34.50314,138.95909,Entire home/apt,290,2,80,2022-09-19,0.89,2,270,11,
6861247,Rustic on 13th,35954891,Kirsten,,Buchfelde,-34.60501,138.74353,Entire home/apt,239,4,46,2022-05-05,0.63,1,152,2,
7055506,Vineyard Cottage - Under the Vines,10626104,Karen,,Nuriootpa,-34.50166,138.99752,Entire home/apt,243,2,180,2021-10-17,2.07,2,0,1,
7297171,Pembury Chase Barossa Valley,26147078,Jonathan And Kate,,Angaston,-34.50182,139.0374,Private room,95,1,150,2019-04-28,1.74,6,0,0,
8053447,Angels Place: Private Suite,42427624,Maryann,,Tanunda,-34.51719,138.96402,Private room,165,1,82,2022-04-24,1.15,1,1,11,
9264671,Barossa Idyll Studio -great for romantics,17055114,Tracey,,Tanunda,-34.52799,138.95242,Private room,146,2,27,2021-04-22,0.34,4,173,0,
9319789,"Barossa Idyll -centre of town, breathtaking views",17055114,Tracey,,Tanunda,-34.52821,138.953,Entire home/apt,757,1,80,2022-09-16,1.03,4,210,20,
9319994,"Barossa Idyll 3 beds - town centre, amazing views",17055114,Tracey,,Tanunda,-34.52935,138.95426,Entire home/apt,413,2,54,2022-09-15,0.71,4,203,17,
9453124,"Barossa Idyll 4 beds - town centre, amazing views",17055114,Tracey,,Tanunda,-34.52906,138.95436,Entire home/apt,651,1,29,2022-08-05,0.35,4,209,11,
9714178,Barossa Bed & Breakfast,50149490,Yvette,,Tanunda,-34.52206,138.96239,Entire home/apt,515,1,57,2022-09-10,0.73,1,217,25,
9850994,Pembury Homestead - Barossa Valley- 3 bedrooms,26147078,Jonathan And Kate,,Angaston,-34.49908,139.04063,Entire home/apt,120,1,7,2016-01-13,0.09,6,0,0,
10285222,Barossa Dreams Ruby Suite full kitchen in Tanunda,9380091,Kym,,Tanunda,-34.52708,138.95417,Entire home/apt,275,2,10,2020-03-18,0.12,17,4,0,
10287444,Barossa Dreams - Diamond Suite perfect location,9380091,Kym,,Tanunda,-34.52686,138.95383,Entire home/apt,350,2,16,2022-05-05,0.20,17,3,1,
10298152,Barossa Best great location walk to cafe FREE WIFI,9380091,Kym,,Tanunda,-34.52603,138.95667,Entire home/apt,350,2,31,2022-05-20,0.38,17,12,3,
10348508,A Secret Garden great location Tanunda Free WIFI,9380091,Kym,,Tanunda,-34.52729,138.95667,Entire home/apt,350,2,10,2021-05-05,0.13,17,16,0,
10526299,Historic Kapunda School of Mines Homestay,54276241,Mark,,Kapunda,-34.34222,138.91368,Entire home/apt,249,2,1,2022-07-06,0.38,1,155,1,
10619599,Barossa Dreams - Sapphire Suite,9380091,Kym,,Tanunda,-34.5274,138.9535,Entire home/apt,275,1,2,2020-11-14,0.04,17,4,0,
10634089,Barossa Dreams - Emerald Suite,9380091,Kym,,Tanunda,-34.52886,138.95293,Private room,275,2,6,2017-10-30,0.07,17,4,0,
10947532,The Stables,54950628,Kay,,Tanunda,-34.57022,138.92651,Entire home/apt,187,2,308,2022-08-21,3.83,1,248,31,
10971607,The Lodge Angaston,48092850,Robyn,,Angaston,-34.5019,139.04648,Entire home/apt,600,1,7,2018-04-01,0.09,3,362,0,
11380095,Little House in the Barossa,59672772,John And Bianca,,Nuriootpa,-34.46257,139.00982,Entire home/apt,170,3,44,2021-06-27,0.55,1,0,0,
11428035,Tin House in Tanunda offers 3 bedrooms 2 bathrooms,9380091,Kym,,Tanunda,-34.52386,138.95783,Entire home/apt,500,2,39,2022-01-03,0.49,17,269,1,
11857399,Historic Angaston Masonic Lodge,48092850,Robyn,,Angaston,-34.50184,139.04554,Entire home/apt,650,2,93,2021-10-30,1.26,3,362,1,
11915715,The Cottage at Riverside Farm,308444810,Louise,,Lyndoch,-34.57135,138.89655,Entire home/apt,269,2,36,2022-09-20,0.47,2,279,5,
12191413,Barossa Millhouse,65531648,Jacqueline,,Kapunda,-34.33806,138.91284,Entire home/apt,239,2,7,2022-07-14,0.10,2,322,5,
12192423,A Barn in the Barossa,65531648,Jacqueline,,Kapunda,-34.34313,138.92219,Entire home/apt,250,2,84,2022-08-29,1.08,2,330,16,
12460712,'THE CHURCH' Guest Home Gawler/Barossa Region,67427615,Karen,,Hewett,-34.58739,138.74417,Entire home/apt,228,2,46,2022-07-10,0.63,1,160,6,
12856765,Angaston by the Winter Creek,48092850,Robyn,,Angaston,-34.50152,139.04956,Entire home/apt,750,2,150,2022-07-25,1.95,3,340,10,
12906285,Retro Barossa Style,22786354,Rebekah,,Angaston,-34.50898,139.04504,Entire home/apt,157,2,161,2022-09-03,2.39,1,258,31,
14031240,Barossa Vineyard Cottages,2425103,Sandra,,Bethany,-34.53891,138.97053,Hotel room,330,999,21,2022-06-26,0.29,2,80,6,
14080027,Barossa Glen - Henri's Cottage - Bed and Breakfast,84633251,Henri,,Sandy Creek,-34.5818,138.83223,Entire home/apt,290,2,119,2022-09-16,1.81,2,313,33,
14377105,Lambert Estate Retreat,88244555,James,,Angaston,-34.50782,139.03909,Entire home/apt,280,1,29,2022-08-28,0.39,1,300,6,
14697430,"Lemke Cottage,Moculta, Barossa Valley",34978411,John,,Moculta,-34.46621,139.1186,Entire home/apt,210,2,51,2022-09-10,1.05,1,213,6,
14827811,Barossa Valley Apt 4 offers 2 bedrooms 2 bathroom,9380091,Kym,,Tanunda,-34.52814,138.95356,Entire home/apt,400,1,4,2022-08-21,0.09,17,54,2,
14828790,Luxury Affordable Barossa. West Wing 1 Bedroom.,6402384,Alicia,,Angaston,-34.50053,139.04458,Entire home/apt,327,2,21,2022-04-10,0.29,2,116,1,
14842846,Barossa Valley Apt 3 offers 2 bedrooms 2 bathroom,9380091,Kym,,Tanunda,-34.52702,138.95253,Entire home/apt,379,1,0,,,17,58,0,
14843749,Barossa Valley Apt 2 offers 2 bedrooms 2 bathroom,9380091,Kym,,Tanunda,-34.52836,138.95221,Entire home/apt,400,2,10,2021-04-05,0.14,17,53,0,
14844379,Luxury Affordable Barossa. West Wing 2 Bedrooms.,6402384,Alicia,,Angaston,-34.49891,139.04441,Entire home/apt,497,2,4,2017-02-23,0.06,2,114,0,
14969874,Barossa Valley Dreams Home for up to 17 people,9380091,Kym,,Tanunda,-34.52914,138.9519,Entire home/apt,1414,2,19,2022-07-17,0.28,17,42,3,
15526317,The Coach House,99836662,Karen,,Concordia,-34.59442,138.74945,Entire home/apt,199,1,445,2022-09-06,6.22,2,265,92,
15579249,Casa Rossa - modern Barossa home with vineyard,14870315,Maria,,Lyndoch,-34.59863,138.87511,Entire home/apt,351,2,101,2022-08-15,1.49,1,320,31,
15811271,The Art Box home gallery stay,102130451,Anthea,,Angaston,-34.49457,139.05402,Private room,80,1,51,2021-11-13,0.96,1,0,3,
16519738,Old Mill Cottage,108616729,Yvonne And Glenn,,Kapunda,-34.33922,138.90943,Entire home/apt,200,2,85,2022-09-18,1.24,1,71,56,
16693931,"Go Go's, Eden Valley the Garden of Grapes and Gums",20429065,Karine,,Eden Valley,-34.64114,139.09734,Entire home/apt,181,2,51,2022-08-23,0.74,1,164,11,
16795559,Barossa Valley Farm Cottage - Buckbury End Farm,111640794,John & Jess,,Sandy Creek,-34.5685,138.83272,Entire home/apt,146,2,286,2022-09-12,4.23,1,278,44,
16948670,"1881 Courthouse,  Studio",33964673,Natalie,,Buchfelde,-34.59589,138.74597,Entire home/apt,153,1,270,2022-08-19,3.95,3,299,21,
17287788,"The Old Manse Shed, Barossa Valley",76253619,Tracy,,Light Pass,-34.46935,139.02272,Entire home/apt,155,2,63,2022-04-13,0.93,1,1,4,
17558728,Seppeltsfield Vineyard Cottage. Luxury & Privacy.,77871395,Jodie,,Marananga,-34.49022,138.91001,Entire home/apt,858,2,2,2021-06-13,0.12,2,263,0,
17720616,Indulge and Relax Tanunda,23229905,Cathy,,Tanunda,-34.5199,138.96494,Entire home/apt,231,1,180,2022-09-18,2.85,1,295,49,
17737018,The Stables at 1860 Wine Country Cottages,97913320,Renate,,Springton,-34.72248,139.06794,Entire home/apt,195,3,0,,,1,0,0,
17862552,"""LiebenGott"" - Luxury 4 bedroom, central location",10112369,Jason,,Tanunda,-34.51015,138.97783,Entire home/apt,331,1,117,2022-09-04,1.82,1,310,31,
17963507,"The Writer's Studio, Barossa",12063415,Lesley Ann,,Tanunda,-34.52511,138.96518,Entire home/apt,149,2,322,2022-09-19,4.85,1,134,56,
17980547,Martinsell Cottage Barossa Valley,123514866,Peter And Marijan,,Mount Crawford,-34.65127498802909,138.97806003489265,Entire home/apt,145,2,174,2022-09-18,2.64,2,297,39,
18276899,Historic home on 65 acres in top Barossa location,32743215,Veritas Retreat Barossa,,Tanunda,-34.50639,138.96237,Entire home/apt,345,2,42,2022-09-11,0.65,2,267,18,
18798879,Hill House Angaston,98267463,Mark,,Angaston,-34.50284,139.04411,Private room,150,2,58,2022-09-18,0.93,1,119,17,
19817750,Country Retreat on the edge of Barossa Valley,139798846,Maureen,,Mount Pleasant,-34.77475,139.04702,Entire home/apt,315,2,79,2022-09-12,1.29,1,91,12,
20002372,"Boongarrie Luxury Tent - privacy, luxury, nature",15326510,Kate,,Flaxman Valley,-34.61,139.06722,Entire home/apt,263,2,184,2022-09-11,3.13,1,319,66,
20057093,Miriam's Cottage self contained Bed and Breakfast,142521667,Alicia,,Tanunda,-34.51922,138.96131,Entire home/apt,292,2,116,2022-09-21,1.99,1,252,32,
20079805,Azalea Cedar-Rose Barossa Vineyard Views Villa,11110185,Suzie,,Lyndoch,-34.60384,138.89156,Entire home/apt,419,2,53,2022-09-19,0.86,2,272,11,
20144446,Jasmine's Cottage Barossa Valley Vineyard Views,11110185,Suzie,,Lyndoch,-34.60458,138.89126,Entire home/apt,311,2,56,2022-09-20,0.92,2,301,19,
20175507,Your complete Barossa experience for up to 16,9380091,Kym,,Tanunda,-34.52852,138.95372,Entire home/apt,1920,1,3,2020-06-28,0.06,17,28,0,
20176443,Barossa Dreams and Apartments perfect for groups,9380091,Kym,,Tanunda,-34.52656,138.95249,Entire home/apt,2800,1,0,,,17,0,0,
20400581,Cantik Cottage,76200578,Justin & Lucy,,Buchfelde,-34.60891,138.73975,Entire home/apt,121,2,154,2022-09-19,2.72,1,1,41,
21481807,"Pinecone Ridge, Barossa - a rural retreat",156029245,Anne,,Angaston,-34.51496,139.04008,Entire home/apt,434,2,76,2022-09-15,1.89,1,258,19,
21636564,"Pembury Cottage ~ Angaston,  Great location in the Barossa  Valley",26147078,Jonathan And Kate,,Angaston,-34.50094,139.05146,Entire home/apt,281,2,140,2022-09-12,2.38,6,301,32,
21884875,Luxury In Langmeil Estate,159654113,Pauline,,Tanunda,-34.51356,138.96883,Entire home/apt,302,2,162,2022-09-18,2.79,1,280,33,
22294732,Hutton Vale Farm - Hutch Hilton,106868811,Jan,,Angaston,-34.52053,139.10934,Entire home/apt,490,1,62,2022-09-13,1.11,2,271,16,
22309764,Discovery Parks - Barossa 3 Bedroom House,163098800,Barossa,,Tanunda,-34.53202,138.95014,Entire home/apt,424,2,16,2022-04-29,0.28,1,263,4,
22439114,"Candlepine Holiday House, Gawler SA",71411970,Mike And Annie,,Hewett,-34.59271,138.74581,Entire home/apt,175,2,6,2022-05-05,0.13,1,217,2,
22602973,Jesmond Dene - Barossa,121293939,Richard,,Angaston,-34.50589,139.04655,Entire home/apt,190,2,14,2022-05-07,0.35,1,345,8,
22604785,Old Barossa Valley Inn & Bakery House..Get it all!,92198370,Heather,,Lyndoch,-34.60358,138.88701,Entire home/apt,199,2,124,2022-09-20,2.22,2,150,28,
22636387,Martinsell Manor  Barossa Valley South Australia,123514866,Peter And Marijan,,Mount Crawford,-34.68339,138.97258,Private room,390,2,28,2022-07-10,0.61,2,332,11,
22794701,Linfield Cottage,68592337,Deb,,Williamstown,-34.68024,138.88156,Entire home/apt,340,2,10,2022-09-04,0.19,1,109,3,
22855141,WHISTLER VINEYARD RETREAT,111063419,Sally,,Tanunda,-34.49014,138.95693,Entire home/apt,290,2,70,2022-08-15,1.27,1,28,17,
23129296,"Angel's Rest, Barossa",171879991,Dennis,,Moculta,-34.40945,139.12577,Entire home/apt,110,1,88,2022-08-20,1.58,1,139,19,
24173232,The Entertainer in the hub of Barossa!,142166512,Monica,,Tanunda,-34.51149,138.97461,Entire home/apt,950,2,30,2020-03-23,0.66,1,78,0,
24813904,Ambrosia Holiday Home 5 bedrooms 2 1/2 bathrooms,9380091,Kym,,Tanunda,-34.52454,138.95933,Entire home/apt,850,2,25,2020-12-23,0.48,17,294,0,
25086405,Villa Maria Barossa Luxury Guesthouse,189642977,Tuoi,,Tanunda,-34.52569,138.95538,Entire home/apt,500,2,18,2022-09-05,0.35,1,239,6,
25893345,Barossa Dreams great location for up to 15,9380091,Kym,,Tanunda,-34.52685,138.95211,Entire home/apt,1500,2,3,2021-03-07,0.09,17,1,0,
25903419,"1881 Courthouse, Judge's Chamber",33964673,Natalie,,Buchfelde,-34.59702,138.74652,Entire home/apt,156,1,405,2022-09-15,7.83,3,307,107,
25915403,"Barossa Valley Rest, Restore and Explore",181411319,Crystal,,Lyndoch,-34.60286,138.87898,Entire home/apt,207,2,239,2022-08-29,6.15,1,10,79,
25916821,Barossa Valleyâ€™s Captain Roddaâ€™s Cottage,129160994,Christina,,Angaston,-34.49131,139.04817,Entire home/apt,400,1,14,2022-08-20,0.29,1,101,5,
25928338,Sharayâ€™s Barossa Sanctuary,40008394,Sarah,,Tanunda,-34.52209,138.96149,Entire home/apt,350,2,127,2022-09-04,2.48,1,266,39,
26009146,"The Barn - a little bit rustic, a little bit luxe",22589842,Carolyn,,Moculta,-34.475,139.05824,Entire home/apt,174,1,209,2022-09-10,4.10,1,185,54,
26143659,Cameron St Cottage - Walk To Main Street!,63693332,GaryLeonie,,Buchfelde,-34.59757,138.74341,Entire home/apt,189,2,20,2022-09-18,0.57,5,171,4,
26403678,29 Jane,198551256,Tuoi,,Tanunda,-34.52608,138.95368,Entire home/apt,300,1,116,2022-09-04,2.26,1,228,31,
27065195,Woodland Cottage,203661825,Francis,,Mount Crawford,-34.75231,138.99368,Entire home/apt,110,1,207,2022-08-28,4.10,1,321,54,
27271141,Red Gum Retreat  with wood fire & free wifi,205436375,Erika,,Williamstown,-34.66435,138.88963,Entire home/apt,150,2,59,2022-06-13,1.20,1,119,9,
27409406,The Dairyman Barossa .. The Chaff House,206287989,Michael,,Williamstown,-34.62504,138.92017,Entire home/apt,285,2,14,2022-07-30,0.42,2,307,6,
27409837,The Dairyman Barossa ....Dairyman's Cottage,206287989,Michael,,Williamstown,-34.62274,138.92182,Entire home/apt,315,2,18,2022-08-06,0.50,2,282,4,
27814606,1837 Barossa Luxury Vineyard Cottage. S Australia,28712482,Nelly,,Lyndoch,-34.58534,138.86528,Entire home/apt,413,2,17,2022-07-17,0.35,3,267,4,
28843427,Fechner Placeâ˜…Barossa Studioâ˜… 1 Bedâ˜…Breakfastâ˜…Wine,103407726,Karina,,Tanunda,-34.51408,138.95995,Entire home/apt,285,2,80,2022-05-29,2.22,1,328,20,
28881088,Gawler Townhouse 1 Bedroom Queen Bed,38878329,Andrew,,Concordia,-34.59423,138.74956,Entire home/apt,215,1,232,2022-08-26,4.80,6,320,63,
29170994,Barossa Valley Studio,64599221,Darren,,Angaston,-34.50638,139.05093,Entire home/apt,106,1,167,2022-08-28,3.66,1,166,20,
29192273,Purpose-built Holiday Retreat,69307468,Cory,,Tanunda,-34.53171,138.95427,Entire home/apt,257,2,146,2022-09-04,3.51,1,304,47,
29250289,"Walnut Cottage, Angaston",86995031,Lydia,,Angaston,-34.50457,139.04457,Entire home/apt,211,1,19,2022-08-29,0.53,2,264,11,
29323401,1910 Murray in the heart of Tanunda,36772813,Leonie,,Tanunda,-34.51949,138.96546,Entire home/apt,500,2,90,2022-09-12,1.93,1,7,15,
29557043,1837 Barossa Luxury  Vineyard  Cottage  Hideaway,28712482,Nelly,,Lyndoch,-34.58202,138.86204,Entire home/apt,413,2,21,2022-05-30,0.44,3,296,6,
29665883,10a on Elizabeth,223133750,Jodie,,Tanunda,-34.52246,138.95845,Entire home/apt,306,2,156,2022-09-18,3.30,1,275,37,
29783445,"Fig Tree Cottage,  A charming 2 bedroom cottage. Historic 1843 cottage in the heart of Angaston.",26147078,Jonathan And Kate,,Angaston,-34.49908,139.0428,Entire home/apt,272,2,99,2022-09-15,2.15,6,295,28,
29975093,JOHANN'S COTTAGE~ located in the heart of Tanunda,220350000,Tanya & Mark,,Tanunda,-34.52628,138.95455,Entire home/apt,188,2,62,2022-08-28,1.37,1,201,23,
30094352,The Rusty Olive,225677521,Sue And Mike,,Angaston,-34.50245,139.05257,Entire home/apt,251,2,92,2022-04-25,2.03,1,1,13,
30724902,Petras House,229977210,Sibylle,,Light Pass,-34.45861,139.02638,Entire home/apt,190,1,117,2022-09-11,2.60,1,328,32,
31336642,Meander Retreat - relax in the country,93219392,Evelyn,,Eden Valley,-34.68704,139.09036,Entire home/apt,180,2,33,2022-07-12,0.94,1,325,6,
31364857,barossa studio 57 accommodation,234888505,Murnane,,Tanunda,-34.5155,138.96574,Entire home/apt,191,2,152,2022-09-17,3.45,1,297,47,
31598469,The Villas - Barossa. Peace. Beauty. Simplicity.,233968367,Grant And Cathy,,Marananga,-34.48413,138.93598,Entire home/apt,575,2,30,2022-08-01,0.73,1,320,15,
31963378,"Strothers Farm House ~ Angaston, Barossa Valley",239660458,Sue,,Moculta,-34.48898,139.05637,Entire home/apt,270,2,49,2022-09-18,1.13,1,158,21,
32426520,1849 Victoria Flour Mill Counting House,33964673,Natalie,,Buchfelde,-34.59906,138.74396,Entire home/apt,145,1,194,2022-09-08,4.50,3,318,70,
32551818,Barossa Bliss,244624080,Ben,,Nuriootpa,-34.46731,138.98425,Entire home/apt,150,2,76,2022-08-18,1.85,1,116,11,
32789383,Wings Barossa Bird & Bush Retreat - Barossa Region,246654848,Graeme & Fleur,,Mount Crawford,-34.69142,139.03562,Entire home/apt,270,2,58,2022-08-07,1.49,2,335,22,
32964524,Wings Barossa Bird & Bush Retreat,246654848,Graeme & Fleur,,Mount Crawford,-34.68958,139.03468,Entire home/apt,270,2,13,2022-07-31,0.55,2,335,9,
33539267,The Chapel,26147078,Jonathan And Kate,,Lyndoch,-34.60192,138.88495,Entire home/apt,301,2,157,2022-09-10,3.77,6,270,60,
33663235,Lucy's House,253714714,Steve,,Marananga,-34.48627,138.94349,Entire home/apt,260,2,17,2022-07-03,0.47,1,205,4,
33718568,Henris Cottage,84633251,Henri,,Sandy Creek,-34.58186,138.83327,Private room,286,2,0,,,2,174,0,
33885699,The Loft,85556067,Tracy,,Tanunda,-34.52836,138.95616,Entire home/apt,321,2,200,2022-09-04,4.84,1,276,54,
33968239,The Clyde Greenock,255507745,Janine,,Marananga,-34.45982,138.93486,Entire home/apt,414,2,10,2022-06-13,0.30,2,175,2,
34104638,Bali in the Barossa,257523028,Karen,,Buchfelde,-34.60679,138.73841,Entire home/apt,210,1,136,2022-09-04,3.30,1,342,33,
34661591,"'In The Vines' Guest Cottage, Barossa Valley SA",261496601,Josie & Andrew,,Light Pass,-34.47415,139.03569,Entire home/apt,239,2,75,2022-07-14,1.85,1,262,16,
34732524,Ten on French,86995031,Lydia,,Angaston,-34.50478,139.04587,Entire home/apt,184,2,32,2022-09-04,0.80,2,295,18,
34756758,Mataro Cottage Tanunda - Stunning Accomodation,262121622,Jerry,,Tanunda,-34.52454,138.9534,Entire home/apt,300,2,22,2022-08-28,0.72,5,222,7,
34783741,Angaston Mews Grenache Apartment - Barossa Valley,262121622,Jerry,,Angaston,-34.499,139.05222,Entire home/apt,226,2,5,2022-04-18,0.16,5,314,2,
34785651,Angaston Mews Shiraz Apartment - Barossa Valley,262121622,Jerry,,Angaston,-34.50061,139.0506,Entire home/apt,226,2,2,2022-06-14,0.09,5,330,1,
34787869,Angaston Mews Riesling Apartment - Barossa Valley,262121622,Jerry,,Angaston,-34.49906,139.05118,Entire home/apt,229,2,5,2022-04-21,0.14,5,316,1,
34788045,Angaston Mews Chardonnay Apartment - Barossa,262121622,Jerry,,Angaston,-34.49949,139.0519,Entire home/apt,229,2,5,2022-03-12,0.12,5,314,3,
34914043,JHA Stone Cellar,106868811,Jan,,Angaston,-34.5083,139.10477,Entire home/apt,790,1,15,2022-02-12,0.38,2,228,5,
35021213,Tomfoolery Winemaker's Cottage - Barossa Valley,263832331,Sarah,,Light Pass,-34.47432,139.03661,Entire home/apt,479,2,72,2022-08-21,1.81,1,316,28,
35356801,Williamstown Bed and Breakfast,265939095,Dianne,,Williamstown,-34.67037,138.89143,Entire home/apt,250,2,29,2022-08-20,0.74,1,304,12,
35617858,Lindsay House Homestead,257562725,Jasmine,,Angaston,-34.50249,139.04108,Entire home/apt,874,2,36,2022-07-11,0.99,4,298,18,
35660705,Barossa Valley Gundaroo - we offer 1 night stays,85597526,Tracy,,Mount Crawford,-34.77143,138.97557,Entire home/apt,164,1,361,2022-09-20,9.11,1,300,115,
35887791,Barossa Valley Hilltop Indulgence,73273148,Tricia,,Marananga,-34.45686,138.91976,Entire home/apt,350,2,3,2019-10-12,0.08,1,179,0,
36162973,Delightful private room in heritage home,271985916,Mary,,Buchfelde,-34.60591,138.74732,Private room,90,1,134,2022-09-14,3.45,1,129,52,
36184899,Ironstone on Jollytown,192564481,Brooke & Peter,,Lyndoch,-34.60337,138.87968,Entire home/apt,255,2,233,2022-09-19,7.52,1,16,95,
36464062,The Kirche - Luxury Vineyard Accommodation,274161665,Virginia And Charlie,,Bethany,-34.55993,138.96579,Entire home/apt,795,2,1,2022-08-08,0.67,1,317,1,
36498929,Tal Haus - In the heart of the Barossa Valley,49747343,Maz,,Tanunda,-34.52264,138.96292,Entire home/apt,187,1,310,2022-09-19,8.32,1,239,112,
36774681,Rogasch Cottage,276432130,Scott,,Tanunda,-34.52729,138.95226,Entire home/apt,507,2,187,2022-09-17,5.22,1,187,81,
37021014,"'Allawah' Barossa, Luxury accommodation in Tanunda",99672311,Tracy,,Tanunda,-34.52732,138.95677,Entire home/apt,350,2,57,2022-09-12,1.63,1,224,28,
37468647,Gawler Townhouse 3 Bedroom,38878329,Andrew,,Hewett,-34.59406,138.74947,Entire home/apt,464,1,31,2022-07-31,0.87,6,355,12,
37689356,CASALE Barossa Valley - Bed & Breakfast,284867983,Rosa,,Nuriootpa,-34.46845,138.95749,Entire home/apt,305,1,58,2022-09-06,1.67,1,326,19,
37733817,Rubyâ€™s Residence: LOCATION - cozy - WIFI - netflix,165561239,Marlovisa,,Tanunda,-34.52301,138.95934,Entire home/apt,243,2,75,2022-09-11,2.07,2,269,37,
37926946,Tamu Barossa,287327836,Bianca,,Altona,-34.59088,138.91066,Entire home/apt,139,2,90,2022-08-30,2.49,1,117,28,
38072313,Barossa Valley Vineyard House  8 Acres vineyard,297316869,Greenock Estate Wines,,Nuriootpa,-34.50385,139.00742,Private room,130,1,0,,,1,0,0,
38438917,"Entire cottage, quiet, romantic, self contained",24432943,Alexandra,,Angaston,-34.50468,139.0454,Entire home/apt,230,2,67,2022-09-16,1.86,1,305,25,
38473930,Beautiful guest suite in the Barossa Valley,267461364,Natalie,,Nuriootpa,-34.4655,139.01189,Private room,110,2,39,2022-08-18,1.09,1,217,13,
38557373,Greenock's Old Telegraph Station,120950528,Virginia,,Greenock,-34.45786,138.92946,Entire home/apt,200,2,32,2022-07-11,0.97,1,229,15,
38627334,Milk + Honey House,295010752,Alexandra,,Penrice,-34.48644,139.04602,Entire home/apt,250,2,51,2022-09-04,1.45,1,266,21,
38892821,QueenBed CosyHome_short walk to Train_near Barossa,31964383,Ben,,Concordia,-34.59525,138.74996,Entire home/apt,108,2,105,2022-09-12,3.01,1,173,24,
38914282,"Tree Creeper Cottage, Kersbrook",298038628,Alan,,Mount Crawford,-34.73902,138.91378,Entire home/apt,100,1,51,2022-09-17,1.62,1,69,14,
39158378,Grace of Gawler - WiFi Netflix & train @ your door,78037905,Steph,,Buchfelde,-34.60631,138.74402,Entire home/apt,140,1,147,2022-09-18,4.22,2,211,71,
39265464,Lavender Cottage BAROSSA - LOCATION!,165561239,Marlovisa,,Tanunda,-34.52297,138.95956,Entire home/apt,240,2,8,2021-01-09,0.32,2,190,0,
40013760,Barossa Resort Style Living - New Listing Jan 2021,2215953,Steve,,Tanunda,-34.52431,138.95589,Entire home/apt,750,4,6,2022-01-05,0.29,1,25,2,
40212692,Biscay Cottage: enjoy the peace and quiet,2425103,Sandra,,Bethany,-34.53929,138.96757,Entire home/apt,250,999,48,2022-09-18,1.81,2,69,25,
40290859,Barossa Shiraz Estate The Barn,310538520,Julieanne,,Lyndoch,-34.59343,138.87888,Private room,550,2,36,2022-09-05,1.11,2,249,24,
40291757,Barossa Shiraz Estate The Vines,310538520,Julieanne,,Lyndoch,-34.59173,138.87876,Private room,490,1,3,2022-05-01,0.10,2,232,1,
40433136,King Deluxe Room,162433043,Danielle,,Angaston,-34.49315,139.02876,Private room,145,1,1,2022-03-20,0.16,6,347,1,
40433163,Standard Queen Room,162433043,Danielle,,Angaston,-34.49416,139.02739,Private room,107,1,24,2022-08-14,0.71,6,350,20,
40433180,Triple Room - Queen + Single,162433043,Danielle,,Angaston,-34.49417,139.02892,Private room,135,1,1,2022-08-22,1,6,337,1,
40433196,Family Room- Queen + 2 Singles,162433043,Danielle,,Angaston,-34.49403,139.02731,Private room,145,1,6,2022-04-21,0.20,6,320,3,
40433230,Family Room- 2 x Queens Room,162433043,Danielle,,Angaston,-34.49248,139.02915,Private room,140,2,3,2022-08-15,0.42,6,309,3,
40433247,Standard Twin Room,162433043,Danielle,,Angaston,-34.49462,139.02856,Private room,105,1,2,2022-01-16,0.06,6,307,1,
40433618,Vineyard Views,29148788,Karl,,Angaston,-34.53599,139.039,Entire home/apt,233,2,141,2022-09-16,4.15,1,136,55,
40710829,Pembury Mews,26147078,Jonathan And Kate,,Angaston,-34.50134,139.03853,Private room,120,2,0,,,6,0,0,
41405916,Triple Creek Guest House - Barossa Region,396529571,Dorham,,Marananga,-34.49844,138.91357,Entire home/apt,650,1,107,2022-08-29,3.46,2,257,47,
41480905,The Palms,63693332,GaryLeonie,,Hewett,-34.5929,138.74565,Entire home/apt,229,2,15,2022-04-10,0.48,5,305,7,
41597034,Under the Vines....a Vineyard Escape!,10626104,Karen,,Tanunda,-34.5047,138.9971,Entire home/apt,290,2,67,2022-09-18,2.10,2,260,55,
41804891,10 Murray  Tanunda  feel like a local,196783231,Louise,,Tanunda,-34.52674,138.95273,Entire home/apt,768,2,98,2022-08-29,3.14,1,298,51,
42163559,Casa Mia Angaston,50037088,Georgina,,Angaston,-34.50143,139.0463,Entire home/apt,250,2,16,2022-08-30,1.86,1,332,16,
42566492,Near Gawler Main St and start of Barossa,338081408,Sharen,,Concordia,-34.60119,138.7623,Entire home/apt,128,4,78,2022-09-13,2.56,1,306,24,
42649403,BnB on Barkey,123337181,Linda,,Greenock,-34.45488,138.9318,Entire home/apt,132,2,37,2022-09-12,2.07,1,127,20,
42653260,THE VINES   Mount Pleasant close to attractions.,175043828,Shari,,Mount Pleasant,-34.77893,139.04251,Entire home/apt,105,1,71,2022-07-24,3.08,1,0,38,
42667491,Elders Office,257562725,Jasmine,,Angaston,-34.50108,139.0417,Entire home/apt,250,1,200,2022-09-15,6.47,4,251,76,
42718676,Auction Shed,257562725,Jasmine,,Angaston,-34.50171,139.04057,Entire home/apt,507,1,82,2022-09-05,3.28,4,291,51,
43047801,Angas's Retreat - with Country views,241630453,Melissa,,Angaston,-34.49981,139.04224,Entire home/apt,260,2,97,2022-09-18,3.51,1,101,44,
43118837,Deluxe Couples Spa Cabin,20245136,Seppelts View,,Marananga,-34.4884,138.9235,Entire home/apt,312,1,34,2022-08-19,1.25,4,118,9,
43128151,Couples Cabin,20245136,Seppelts View,,Marananga,-34.48836,138.92286,Entire home/apt,190,1,48,2022-08-09,1.71,4,251,22,
43128158,Family Cabin w/ Seperate Bunk Room,20245136,Seppelts View,,Marananga,-34.48651,138.92349,Entire home/apt,208,1,10,2022-06-10,0.41,4,239,3,
43329785,Cirillo Guest House,52348976,Annika,,Nuriootpa,-34.49419,139.00969,Entire home/apt,420,2,54,2022-09-18,2.02,1,137,31,
43366530,Tanunda Apartment,257562725,Jasmine,,Tanunda,-34.52706,138.95728,Private room,220,1,136,2022-09-03,4.76,4,304,68,
43646190,Gateway to the Barossa,348529669,Greg And Mary,,Concordia,-34.59905,138.79915,Entire home/apt,150,2,26,2022-08-22,1.14,1,0,4,
43913815,Gawler Townhouse 1 Bedroom,38878329,Andrew,,Concordia,-34.59617,138.74998,Entire home/apt,207,1,115,2022-09-13,4.26,6,355,54,
43950395,Gawler Townhouses 1 Bedroom (1a),38878329,Andrew,,Concordia,-34.59618,138.75144,Entire home/apt,197,1,9,2022-05-26,0.42,6,351,5,
44450394,'Mattschoss House c1890' - Barossa comfort & style,359107874,Katelin,,Tanunda,-34.49547,138.97399,Entire home/apt,350,2,20,2022-07-13,0.85,1,35,12,
45084589,Redemption House,255318511,Ted & Kylie,,Gawler River,-34.62676,138.61104,Entire home/apt,130,1,84,2022-07-02,3.50,1,230,35,
45091753,Evanston Gardens - Close to Barossa Valley,1956923,Ted,,Buchfelde,-34.62707,138.72112,Private room,80,2,17,2022-08-30,0.81,1,356,12,
45092536,"It's Bonza! Accessibility+comfort, Barossa Valley",26657441,Nelly Stan,,Williamstown,-34.65417,138.88892,Entire home/apt,160,2,23,2022-08-03,2.60,1,296,23,
45319838,"Schomburgk Cottage- Gawler- private, cozy, unique.",179855375,Veronica,,Buchfelde,-34.6129,138.69825,Entire home/apt,140,2,0,,,1,128,0,
45548496,Barossa Lofts & Wood Oven Pizza Restaurant,198156088,Jane,,Springton,-34.72354,139.06653,Entire home/apt,420,2,2,2020-10-04,0.08,3,0,0,
45555495,Wyndways,65827290,Hannah,,Tanunda,-34.5235,138.9528,Entire home/apt,250,2,53,2022-07-17,2.30,1,30,22,
45693523,Old Barossa Valley Inn & Bakery-Entire Main House!,92198370,Heather,,Lyndoch,-34.60238,138.88712,Entire home/apt,259,2,48,2022-08-22,2.04,2,151,23,
45714238,Barossa Loft Stay & Wood Oven Pizza Restaurant,198156088,Jane,,Springton,-34.72339,139.06674,Entire home/apt,165,1,32,2022-01-01,1.38,3,0,4,
45714531,Barossa Double Lofts & Wood Oven Pizza Restaurant,198156088,Jane,,Springton,-34.72344,139.06642,Entire home/apt,300,1,4,2022-01-14,0.22,3,0,3,
45772254,Halletts Valley Hideaway,362336116,Charmaine,,Tanunda,-34.53838,138.93566,Entire home/apt,280,2,110,2022-09-14,5.16,1,282,66,
46126039,Kombi Camping with Gilbert,99836662,Karen,,Kalbeeba,-34.60124,138.77322,Entire home/apt,220,2,1,2021-03-25,0.05,2,153,0,
46128155,Seppeltsfield Vineyard Retreat - Barossa getaway,77871395,Jodie,,Marananga,-34.48836,138.90805,Entire home/apt,746,2,20,2022-09-03,1.13,2,210,12,
46129812,Chinner Cottage on Park,13831555,Lisa,,Angaston,-34.50476,139.04405,Entire home/apt,210,2,12,2022-09-10,2.18,1,230,12,
46929185,Parkview 5,63693332,GaryLeonie,,Kalbeeba,-34.60881,138.74895,Entire home/apt,239,2,5,2022-04-25,0.24,5,135,2,
47117855,Peaceful 2br cottage in the ðŸ–¤ of Angaston,5100298,Adele,,Angaston,-34.50362,139.04832,Entire home/apt,221,2,43,2022-08-22,2.06,2,52,24,
47449065,LYNDOCH GRAND VILLA IN BAROSSA VILLAGE SLEEPS 14,48998930,Darren,,Lyndoch,-34.6008,138.88878,Entire home/apt,681,2,15,2022-09-12,1.27,1,312,15,
47478352,Teresa Garden Holiday Home,341812742,April,,Tanunda,-34.51047,138.94969,Entire home/apt,345,2,29,2022-07-11,1.60,1,315,18,
47925036,Whiterocks Tanunda short walk to resteraunts,53620255,Peter,,Tanunda,-34.52408,138.95884,Entire home/apt,648,2,10,2022-09-12,1.51,1,310,10,
47927838,Vintage Chic Home,325056755,Ian,,Buchfelde,-34.59727,138.74474,Entire home/apt,140,2,55,2022-09-18,2.85,1,296,37,
48061876,HISTORIC BAROSSA - 1890s 2 STOREY HAYLOFT,2660469,Mark And Fiona,,Springton,-34.70862,139.0886,Entire home/apt,176,2,44,2022-09-18,2.67,2,304,37,
48161724,The Cottage at Riverside Farm,308444810,Louise,,Lyndoch,-34.57871,138.89575,Entire home/apt,269,2,1,2021-04-14,0.06,2,280,0,
48248462,Peaceful 3br cottage in the ðŸ–¤ of Angaston,5100298,Adele,,Angaston,-34.50347,139.04836,Entire home/apt,320,2,10,2022-07-10,0.55,2,52,7,
48367802,Little Eden - See Barossa Valley & bring your pet,109279546,Mike,,Eden Valley,-34.64301,139.09948,Entire home/apt,184,2,80,2022-09-02,4.26,1,312,43,
48457019,Flaxman: historic Goat Square Cottages in Tanunda,132901790,Mary,,Tanunda,-34.52442,138.95396,Entire home/apt,403,2,34,2022-09-20,2.12,3,312,27,
48457377,Menge: historic Goat Square Cottages in Tanunda,132901790,Mary,,Tanunda,-34.52476,138.95392,Entire home/apt,299,2,21,2022-09-15,1.35,3,281,17,
48457650,Kavel: historic Goat Square Cottages in Tanunda,132901790,Mary,,Tanunda,-34.52296,138.95549,Entire home/apt,288,2,25,2022-08-14,1.53,3,268,22,
48507184,Gateway to the Barossa Valley.,70840103,Bronwyn,,Concordia,-34.59695,138.77248,Entire home/apt,120,2,28,2022-09-18,1.57,1,151,19,
48999138,The Station - luxury group accommodation,3524070,Bridget,,Kapunda,-34.34125,138.90894,Entire home/apt,1500,2,21,2022-09-18,1.26,1,311,15,
49064366,Kalimna House,133655329,Nick,,Nuriootpa,-34.46029,139.00439,Entire home/apt,270,2,12,2022-08-21,0.69,1,0,6,
49116056,Gawler Townhouses 1c,38878329,Andrew,,Concordia,-34.59454,138.75083,Entire home/apt,185,1,17,2022-08-06,0.98,6,343,9,
49197946,Barossa Valley Views Eco Farm Stay Angaston,52444929,Kirsten,,Angaston,-34.50534,139.04097,Private room,170,2,12,2021-11-28,0.75,1,0,3,
49200495,Possum Cottage,27083172,Nick,,Tanunda,-34.53145,138.94868,Entire home/apt,227,1,136,2022-09-04,8.00,2,99,104,
49448518,HISTORIC BAROSSA - 1890 STABLES WITH WOODFIRE,2660469,Mark And Fiona,,Springton,-34.70727,139.08799,Entire home/apt,179,2,33,2022-09-21,2.00,2,308,22,
49863533,CRUSH Guest Room & Ensuite-Hewitson Barossa Valley,402141220,Hewitson Winery,,Tanunda,-34.49649,138.97872,Entire home/apt,255,1,85,2022-09-18,5.24,4,343,64,
49865101,PRESS Guest Room & Ensuite-Hewitson Barossa Valley,402141220,Hewitson Winery,,Nuriootpa,-34.49466,138.97793,Entire home/apt,255,1,81,2022-09-16,5.14,4,329,60,
49910082,Auricht Cottage,6187392,Mai,,Tanunda,-34.50957,138.96629,Private room,120,1,11,2022-01-08,0.69,1,0,6,
49912569,THE WINERY SUITES - Hewitson Barossa Valley,402141220,Hewitson Winery,,Nuriootpa,-34.49469,138.97754,Entire home/apt,774,2,3,2022-06-13,0.34,4,318,3,
49913465,Rural retreat! 5 min to wineries / 10 min to town,9683914,Angela,,Bethany,-34.57072,138.98764,Entire home/apt,1029,2,31,2022-08-13,2.27,1,85,30,
49931720,Exclusive Barossa country lodge/retreat,8926804,Julie,,Cockatoo Valley,-34.61944,138.83237,Entire home/apt,795,2,16,2022-08-28,1.23,1,284,15,
50010309,Family Cabin,20245136,Seppelts View,,Marananga,-34.48919,138.92346,Entire home/apt,197,1,16,2022-08-04,1.03,4,257,11,
50141467,The Crescent,150886171,Penny,,Nuriootpa,-34.4787,138.99536,Entire home/apt,350,2,0,,,1,155,0,
50248356,"Barossa-Gabby's Holiday House-Wifi, Indoor fire",395027969,Gina,,Nuriootpa,-34.46797,138.97201,Entire home/apt,480,2,31,2022-09-10,2.16,1,269,27,
50527203,"Basedow Haus
Barossa Valley",408243200,Max,,Tanunda,-34.52588,138.96365,Entire home/apt,690,2,19,2022-08-28,1.32,1,212,18,
50530409,King Suite,63693332,GaryLeonie,,Hewett,-34.59314,138.74679,Entire home/apt,225,2,10,2022-07-14,0.69,5,322,9,
50581037,Barossa house in the vines & stunning valley view!,103898307,Anna And David,,Marananga,-34.49959,138.94331,Entire home/apt,550,2,52,2022-09-16,4.32,1,320,52,
50835494,Peace and serenity in the heart of the Barossa,410966448,Lisa,,Tanunda,-34.53955,138.94362,Entire home/apt,325,1,34,2022-09-13,2.49,1,295,30,
50946022,Magpie House,412005775,Sandy,,Tanunda,-34.523006,138.960617,Entire home/apt,314,2,17,2022-08-22,2.02,1,154,17,
50982705,Angaston Lodge  - 7 acres,412389155,Tony,,Angaston,-34.494114,139.048141,Entire home/apt,286,2,0,,,1,317,0,
51296366,"The olde Hamilton shop, Between Clare and Barossa",261874745,Stella,,Kapunda,-34.21801,138.87789,Entire home/apt,175,1,13,2022-06-22,1.00,1,333,12,
51378316,Manor House - One Bedroom,383527612,Jean-Claude,,Kapunda,-34.23416,138.97174,Entire home/apt,348,1,1,2022-07-05,0.38,7,322,1,
51378839,Manor House - Two Bedrooms,383527612,Jean-Claude,,Kapunda,-34.2344,138.97292,Entire home/apt,464,1,2,2022-05-29,0.17,7,322,2,
51379621,Manor House - Three Bedrooms,383527612,Jean-Claude,,Kapunda,-34.23294,138.97206,Entire home/apt,580,1,1,2021-10-11,0.09,7,322,1,
51394076,Heritage on King Street,63693332,GaryLeonie,,Hewett,-34.5932,138.74565,Entire home/apt,225,2,1,2021-12-09,0.10,5,263,1,
51410334,Head Gardeners Cottage - One Bedroom - 1 night,383527612,Jean-Claude,,Kapunda,-34.23298,138.97304,Private room,348,1,0,,,7,322,0,
51410362,Head Gardeners Cottage - Three Bedroom,383527612,Jean-Claude,,Kapunda,-34.23212,138.97269,Private room,580,1,3,2022-09-04,0.59,7,322,3,
51410372,Head Gardeners Cottage - Two Bedroom - 1 night,383527612,Jean-Claude,,Kapunda,-34.233,138.97263,Private room,464,1,0,,,7,322,0,
51673748,Oscars at Marananga Cottages - Country Charm,275161574,Wendy,,Marananga,-34.48333,138.93814,Entire home/apt,354,2,7,2022-08-21,0.54,1,309,5,
51851038,â˜… Lochnagar Barossa â˜…  âœ” 3 En-suites âœ” Walking distance to wineries âœ”,397924132,David And Ruth,,Tanunda,-34.5119,138.96443,Entire home/apt,409,2,10,2022-07-22,0.89,1,54,10,
52173111,Barossa Valley Winemaker 3 Bedroom Tanunda Cottage,422357766,Brett,,Tanunda,-34.52254,138.95537,Entire home/apt,332,2,28,2022-09-17,2.28,1,163,27,
52195885,Complementary Bacon & Egg provisions provided :),285235468,Kate,,Tanunda,-34.528957,138.952377,Entire home/apt,289,2,41,2022-08-24,3.42,1,124,41,
52293256,"Kiron - Cottage in Kapunda, gateway to the Barossa",78037905,Steph,,Kapunda,-34.338913,138.910217,Entire home/apt,160,2,23,2022-05-07,2.02,2,87,23,
52410760,The Winemakers - Greenock,11027064,Wyndham,,Greenock,-34.45884,138.93141,Entire home/apt,320,1,40,2022-09-11,3.53,2,72,40,
52482939,Wilsford House - Barossa History & Modern Elegance,424812770,Melissa,,Lyndoch,-34.58893,138.87763,Entire home/apt,800,2,3,2022-04-17,0.47,1,328,3,
52866873,Escape to the country - â€˜The Winemakers Boltholeâ€™,11027064,Wyndham,,Greenock,-34.45872,138.92955,Entire home/apt,330,1,6,2022-07-31,0.69,2,70,6,
52923843,Benbullen Retreat,255507745,Janine,,Angaston,-34.54581,139.02852,Entire home/apt,1886,2,3,2022-06-05,0.50,2,300,3,
52941561,Unique Cottages Gawler-2 bedroom Settlers Cottage,52911779,Jacqui,,Buchfelde,-34.60709,138.74812,Entire home/apt,271,1,3,2022-06-10,0.39,2,1,3,
53055342,1 Small Batch Accommodation,326577506,Jon,,Springton,-34.70667,139.08884,Entire home/apt,150,1,51,2022-09-04,4.90,2,64,51,
53068838,1858 Barossa Accommodation entire farmhouse.,164905660,Melissa-Jane,,Moculta,-34.45957,139.1106,Entire home/apt,837,2,22,2022-09-18,2.37,1,242,22,
53101008,Barossa Breakaway,429874958,Matthew,,Tanunda,-34.52978,138.95177,Entire home/apt,280,2,18,2022-09-18,1.96,1,120,18,
53111469,BIRCHWOOD ON BRIDGE,78710746,Emma,,Tanunda,-34.519,138.96138,Entire home/apt,464,2,42,2022-09-18,4.70,1,271,42,
53157588,4 Bedroom Barossa Home with Large Garden and Pool,175822582,Josh,,Light Pass,-34.46445,139.02354,Entire home/apt,895,2,6,2022-08-21,1.14,1,134,6,
53207344,Hide away or enjoy the nearby Barossa,430748967,Trent,,Tanunda,-34.52294,138.95382,Entire home/apt,253,2,17,2022-09-18,2.46,1,318,17,
53245474,"""Topp House"" Retreat Barossa",431071310,Jessica,,Bethany,-34.53872,138.96921,Entire home/apt,217,1,43,2022-09-20,5.81,1,330,43,
53246772,Unique Cottages-Gawler Lovely 3 bedroom,52911779,Jacqui,,Kalbeeba,-34.60921,138.75077,Entire home/apt,262,4,2,2022-01-07,0.22,2,55,2,
53282576,Adorable country unit minutes from the Barossa....,44703607,Sue,,Kalbeeba,-34.62527,138.75143,Entire home/apt,145,1,29,2022-09-15,2.84,1,339,29,
53368442,Gawler Townhouses 1b,38878329,Andrew,,Concordia,-34.59412,138.74956,Entire home/apt,196,1,12,2022-08-09,1.20,6,305,12,
53498238,2 Small Batch Accommodation,326577506,Jon,,Springton,-34.70765,139.08727,Entire home/apt,150,1,44,2022-09-04,4.47,2,66,44,
53597878,Back bungalow,27083172,Nick,,Tanunda,-34.530571,138.949783,Entire home/apt,176,1,76,2022-09-06,8.17,2,109,76,
53817822,Spacious home in the heart of the Barossa!,223639320,Jane,,Nuriootpa,-34.47271,138.99197,Private room,92,1,24,2022-08-29,2.72,1,327,24,
54151696,Quiet Rural Retreat in beautiful wine country,439026671,Kate,,Mount Crawford,-34.72948,138.96463,Entire home/apt,174,2,18,2022-09-05,3.94,1,320,18,
54187049,The Red Door @ Barossa Valley â˜…Vineyard Viewâ˜…,439331891,Emma&Roger,,Nuriootpa,-34.47056,138.9668,Entire home/apt,413,2,7,2022-08-08,1.08,8,58,7,
542934522374568605,"Ultimate Barossa Retreats massages, facials, relax",9380091,Kym,,Tanunda,-34.52691,138.95414,Entire home/apt,300,2,0,,,17,6,0,
563854793233301758,2 Bedroom Family Cottage - Sleeps up to 6,10421165,Mark And Fiona,,Lyndoch,-34.60339,138.88237,Entire home/apt,209,2,7,2022-08-16,1.71,2,295,7,
597299948635932099,Coachman's Cottage  (entire 2 Bedroom Cottage),383527612,Jean-Claude,,Kapunda,-34.23344,138.97347,Entire home/apt,986,1,0,,,7,341,0,
598893796161066227,Sierra Madre - Idyllic stay in the heart of town.,91611833,Shannon,,Tanunda,-34.525082,138.955566,Entire home/apt,493,2,25,2022-09-03,4.84,1,281,25,
610466336457949581,McGill Vineyard Barossa,428181353,Tita,,Penrice,-34.48698,139.03345,Entire home/apt,283,2,10,2022-09-09,2.50,1,321,10,
611369443768980724,Neat & Tidy Home with Private Entertaining Area,455612017,Stacey,,Angaston,-34.508907,139.043564,Entire home/apt,250,2,2,2022-07-08,0.59,1,143,2,
622557982255835128,Camping with a little luxury,344402367,Lisa,,Concordia,-34.590874,138.764938,Entire home/apt,110,1,4,2022-08-27,1.10,1,31,4,
623438660532088604,"Tanunda Abode - Two BR, Two Bath",27555575,Lisa,,Tanunda,-34.52669,138.95563,Entire home/apt,315,2,12,2022-09-17,4.86,1,238,12,
625072901481223153,Gorgeous stone cottage; stay & explore the Barossa,63139941,Charlotte,,Angaston,-34.50005,139.04258,Entire home/apt,226,2,15,2022-09-18,4.37,1,337,15,
634520727307763774,Mattner House Family Vacation Resort with Alpacas,460856186,Awesome,,Altona,-34.58813,138.93308,Entire home/apt,1603,1,1,2022-09-04,1,4,327,1,
637886639776162642,Deluxe Queen Room,461601857,The Wine,,Tanunda,-34.51565,138.97143,Entire home/apt,227,1,3,2022-09-03,1.36,7,333,3,
637906590837702599,Deluxe Twin Room,461601857,The Wine,,Tanunda,-34.515,138.97133,Entire home/apt,244,1,0,,,7,344,0,
637911090164505078,Double Room,461601857,The Wine,,Tanunda,-34.5141,138.97297,Entire home/apt,237,1,0,,,7,304,0,
637920461053069878,Superior Queen Room,461601857,The Wine,,Tanunda,-34.51431,138.97142,Entire home/apt,284,1,3,2022-09-02,1.76,7,344,3,
637922201318817861,Superior Twin Room,461601857,The Wine,,Tanunda,-34.51436,138.97158,Entire home/apt,247,1,0,,,7,331,0,
637928149292994175,Accessible Room,461601857,The Wine,,Tanunda,-34.5149,138.97312,Entire home/apt,219,1,0,,,7,329,0,
637931106243766297,Family Room,461601857,The Wine,,Tanunda,-34.5135,138.97279,Entire home/apt,296,1,2,2022-06-27,0.67,7,349,2,
642268024740404371,Charming cottage in Angaston,461929112,Marilyn And Adam,,Angaston,-34.5009,139.05192,Entire home/apt,269,2,9,2022-09-18,3.14,1,326,9,
646541825645212790,"â€˜Apton Fieldâ€™
2 Br Cottage in the Barossa Valley",234210445,Song,,Flaxman Valley,-34.65128,139.0623,Entire home/apt,190,2,5,2022-09-18,1.69,1,356,5,
650373014543141159,"Cosy Barossa Getaway - Beautiful, 3BR Retreat",149391451,Gingerbread-Haus,,Tanunda,-34.5354566,138.95152,Entire home/apt,226,2,7,2022-08-28,3.13,1,12,7,
657633783007400043,Rocky House Pergola Resort,460856186,Awesome,,Altona,-34.59342,138.9275,Entire home/apt,1021,1,3,2022-09-11,1.25,4,329,3,
666183097301109965,Kraft Vintage House,460856186,Awesome,,Altona,-34.57409,138.94291,Entire home/apt,891,1,3,2022-08-27,1.34,4,303,3,
668396960497325094,Chateau Yaldara House,460856186,Awesome,,Lyndoch,-34.57667,138.875,Entire home/apt,1367,1,1,2022-09-04,1,4,66,1,
674136485566649262,Barossa on Sturt,462115682,Jane,,Angaston,-34.50535,139.04759,Entire home/apt,330,1,7,2022-09-18,4.57,1,318,7,
674946640582232212,Stoneleigh Cottage 1 - 2 night,88080137,Georgie,,Angaston,-34.49909,139.04328,Entire home/apt,220,2,0,,,2,257,0,
674946704428630052,Stoneleigh Cottage 2 - 2 night,88080137,Georgie,,Angaston,-34.50047,139.04146,Entire home/apt,240,2,2,2022-09-11,1.36,2,294,2,
679330074770382060,Spacious first floor just for you! Gawler SA,124017088,Michelle,,Buchfelde,-34.600042942479774,138.73399168252945,Private room,75,1,4,2022-09-18,2.26,1,344,4,
681601688514895701,Historic Adelaide Hills Beauty,472161981,Heather,,Mount Pleasant,-34.8093972,139.0106313,Entire home/apt,1105,1,0,,,6,365,0,
685039112890901249,Horse Side Tiny House,154813436,Tiny Away,,Kapunda,-34.34379,138.90676,Entire home/apt,191,1,0,,,1,47,0,
692241142898358266,Situated in the beautiful Barossa Valley,474741294,Carl,,Lyndoch,-34.60035,138.88431,Entire home/apt,175,2,0,,,1,298,0,
701030563032420807,Ferment Suite - Hewitson Guest Suite,402141220,Hewitson Winery,,Tanunda,-34.49629,138.9778,Entire home/apt,343,1,1,2022-09-11,1,4,345,1,
702031267609659440,Comfy Studio 3 @ Blickinstal Barossa Valley Retreat,439331891,Emma&Roger,,Bethany,-34.55496,138.97924,Entire home/apt,115,1,0,,,8,148,0,
703395754090693752,Adorable Lodge 1 @ Blickinstal Retreat,439331891,Emma&Roger,,Bethany,-34.55427,138.97873,Entire home/apt,138,1,0,,,8,143,0,
703454945429923296,Vineyard View | Villa @ Blickinstal Retreat,439331891,Emma&Roger,,Bethany,-34.55355,138.978,Entire home/apt,202,1,0,,,8,150,0,
703872734491160951,Adorable Lodge 2 @ Blickinstal Retreat,439331891,Emma&Roger,,Bethany,-34.55361,138.9776,Entire home/apt,138,1,0,,,8,135,0,
703873092978064872,Comfy Studio 4 @ Blickinstal Barossa Valley Retreat,439331891,Emma&Roger,,Bethany,-34.55489,138.97899,Entire home/apt,115,1,0,,,8,122,0,
703873217398549559,Comfy Studio 5 @ Blickinstal Barossa Valley Retreat,439331891,Emma&Roger,,Bethany,-34.55286,138.97781,Entire home/apt,115,1,0,,,8,135,0,
703873326508107679,Comfy Studio 6 @ Blickinstal Barossa Valley Retreat,439331891,Emma&Roger,,Bethany,-34.55305,138.97919,Entire home/apt,115,1,0,,,8,136,0,
706793228615597287,The Winemaker's Haus,175722042,Alex,,Tanunda,-34.5354566,138.95152,Entire home/apt,223,2,0,,,1,198,0,
710030719091093922,"A perfect winery weekend-2BR, fireplace, shops!",417586028,Yannie Haus,,Tanunda,-34.52638,138.95469,Entire home/apt,314,2,0,,,1,4,0,
710524974978038346,Private room in historic homestead,472161981,Heather,,Mount Pleasant,-34.80901,139.00962,Private room,235,1,0,,,6,365,0,
710534038004136972,2 double bedrooms in historic villa,472161981,Heather,,Mount Pleasant,-34.81041,139.00875,Shared room,288,1,0,,,6,365,0,
710539443193386772,6 guests in 3 double bedroom historic house,472161981,Heather,,Mount Pleasant,-34.80939,139.01149,Private room,432,1,0,,,6,365,0,
710541909725452985,10 guest stay in historic homestead,472161981,Heather,,Mount Pleasant,-34.8083,139.00988,Private room,720,1,0,,,6,365,0,
710542365151976842,"8 guests , 4 double rooms in historic house",472161981,Heather,,Mount Pleasant,-34.80858,139.01167,Private room,576,1,0,,,6,365,0,
715277584798529221,Triple Creek Glamping Tent amongst Mataro Vineyard,396529571,Dorham,,Marananga,-34.4990311,138.9124627,Entire home/apt,303,1,0,,,2,365,0,
